{
  "view/fragment/RestrictUser.fragment.xml": 1659656627736,
  "i18n/i18n_ko.properties": 1658361377338,
  "i18n/i18n_en.properties": 1658361358305,
  "controller/AppMain.controller.js": 1659576280809,
  "sap-ui-cachebuster-info.json": 1659663408566,
  "manifest.json": 1656586916761,
  "env.json": 1659655468610,
  "test/integration/pages/Main.js": 1655884636327,
  "test/integration/arrangements/Startup.js": 1655884636324,
  "test/integration/opaTests.qunit.js": 1655884636325,
  "test/integration/MainJourney.js": 1655884636327,
  "test/integration/AllJourneys.js": 1655884636324,
  "test/testsuite.qunit.js": 1655884658192,
  "model/models.js": 1655884659041,
  "model/formatter.js": 1655884636323,
  "controller/Result.controller.js": 1659661312158,
  "controller/NotFound.controller.js": 1656586843237,
  "controller/BaseController.js": 1659660449761,
  "xs-app.json": 1659599292629,
  "Component.js": 1659599604111,
  "manifest-bundle.zip": 1659663407952,
  "Component-preload.js": 1659663408416,
  "controller/AppMain-dbg.controller.js": 1659576280809,
  "test/integration/arrangements/Startup-dbg.js": 1655884636324,
  "test/integration/opaTests.qunit-dbg.js": 1655884636325,
  "test/integration/MainJourney-dbg.js": 1655884636327,
  "test/integration/AllJourneys-dbg.js": 1655884636324,
  "test/testsuite.qunit-dbg.js": 1655884658192,
  "model/models-dbg.js": 1655884659041,
  "model/formatter-dbg.js": 1655884636323,
  "controller/Result-dbg.controller.js": 1659661312158,
  "controller/NotFound-dbg.controller.js": 1656586843237,
  "controller/BaseController-dbg.js": 1659660449761,
  "test/integration/pages/Main-dbg.js": 1655884636327,
  "Component-dbg.js": 1659599604111,
  "test/integration/opaTests.qunit.html": 1655884636325,
  "view/fragment/Upload.fragment.xml": 1657004019456,
  "i18n/i18n_zh.properties": 1658361841157,
  "view/fragment/NoLoginInfo.fragment.xml": 1659656645571,
  "view/fragment/Language.fragment.xml": 1658132382428,
  "view/fragment/AuthCheck.fragment.xml": 1659660782111,
  "resources/img/loading.gif": 1657012260660,
  "resources/img/favicon.ico": 1657012260658,
  "img/flag/us.svg": 1658120453912,
  "img/flag/kr.svg": 1658120428639,
  "img/flag/cn.svg": 1658120476927,
  "test/testsuite.qunit.html": 1655884636326,
  "test/flpSandbox.html": 1655884636319,
  "view/Result.view.xml": 1658310708114,
  "view/NotFound.view.xml": 1656586881423,
  "view/AppMain.view.xml": 1658310163804,
  "img/favicon.ico": 1657012200635,
  "css/style.css": 1659660989110,
  "index.html": 1659600267355
}