{
  "img/flag/kr.svg": 1661266358342,
  "i18n/i18n_ko.properties": 1661266358342,
  "i18n/i18n_en.properties": 1661266358342,
  "xs-app.json": 1661266358344,
  "sap-ui-cachebuster-info.json": 1662536941908,
  "manifest.json": 1661266358343,
  "env.json": 1662512847027,
  "test/integration/pages/Main.js": 1661266358343,
  "test/integration/arrangements/Startup.js": 1661266358343,
  "test/integration/opaTests.qunit.js": 1661266358343,
  "test/integration/MainJourney.js": 1661266358343,
  "test/integration/AllJourneys.js": 1661266358343,
  "test/testsuite.qunit.js": 1661266358343,
  "model/models.js": 1661266358343,
  "model/formatter.js": 1661266358343,
  "controller/Result.controller.js": 1662512008316,
  "controller/NotFound.controller.js": 1661266358342,
  "controller/BaseController.js": 1662512008316,
  "controller/AppMain.controller.js": 1661266358342,
  "Component.js": 1661266358341,
  "manifest-bundle.zip": 1662536941413,
  "Component-preload.js": 1662536941768,
  "model/models-dbg.js": 1661266358343,
  "test/integration/arrangements/Startup-dbg.js": 1661266358343,
  "test/integration/opaTests.qunit-dbg.js": 1661266358343,
  "test/integration/MainJourney-dbg.js": 1661266358343,
  "test/integration/AllJourneys-dbg.js": 1661266358343,
  "test/testsuite.qunit-dbg.js": 1661266358343,
  "test/integration/pages/Main-dbg.js": 1661266358343,
  "model/formatter-dbg.js": 1661266358343,
  "controller/Result-dbg.controller.js": 1662512008316,
  "controller/NotFound-dbg.controller.js": 1661266358342,
  "controller/BaseController-dbg.js": 1662512008316,
  "controller/AppMain-dbg.controller.js": 1661266358342,
  "Component-dbg.js": 1661266358341,
  "test/integration/opaTests.qunit.html": 1661266358343,
  "view/fragment/Upload.fragment.xml": 1661266358344,
  "view/fragment/RestrictUser.fragment.xml": 1661266358344,
  "view/fragment/NoLoginInfo.fragment.xml": 1661266358344,
  "view/fragment/Language.fragment.xml": 1661266358344,
  "view/fragment/AuthCheck.fragment.xml": 1661266358344,
  "img/flag/us.svg": 1661266358343,
  "i18n/i18n_zh.properties": 1661266358342,
  "img/flag/cn.svg": 1661266358342,
  "view/Result.view.xml": 1661266358344,
  "view/NotFound.view.xml": 1661266358344,
  "view/AppMain.view.xml": 1661266358344,
  "test/testsuite.qunit.html": 1661266358343,
  "test/flpSandbox.html": 1661266358343,
  "img/favicon.ico": 1661266358342,
  "css/style.css": 1661266358342,
  "index.html": 1661266358343
}