{
  "test/integration/arrangements/Startup.js": 1655884636324,
  "i18n/i18n_ko.properties": 1658272483302,
  "i18n/i18n_en.properties": 1658272527188,
  "xs-app.json": 1657805608946,
  "sap-ui-cachebuster-info.json": 1658277472840,
  "manifest.json": 1656586916761,
  "env.json": 1657013264153,
  "test/integration/pages/Main.js": 1655884636327,
  "i18n/i18n_zh.properties": 1658272494861,
  "test/integration/opaTests.qunit.js": 1655884636325,
  "test/integration/MainJourney.js": 1655884636327,
  "test/integration/AllJourneys.js": 1655884636324,
  "test/testsuite.qunit.js": 1655884658192,
  "model/models.js": 1655884659041,
  "model/formatter.js": 1655884636323,
  "controller/Result.controller.js": 1657873101677,
  "controller/NotFound.controller.js": 1656586843237,
  "controller/BaseController.js": 1657805617491,
  "controller/AppMain.controller.js": 1658133093260,
  "Component.js": 1657797959569,
  "manifest-bundle.zip": 1658277472274,
  "Component-preload.js": 1658277472696,
  "controller/NotFound-dbg.controller.js": 1656586843237,
  "test/integration/arrangements/Startup-dbg.js": 1655884636324,
  "test/integration/opaTests.qunit-dbg.js": 1655884636325,
  "test/integration/MainJourney-dbg.js": 1655884636327,
  "test/integration/AllJourneys-dbg.js": 1655884636324,
  "test/testsuite.qunit-dbg.js": 1655884658192,
  "model/models-dbg.js": 1655884659041,
  "model/formatter-dbg.js": 1655884636323,
  "controller/Result-dbg.controller.js": 1657873101677,
  "test/integration/pages/Main-dbg.js": 1655884636327,
  "controller/BaseController-dbg.js": 1657805617491,
  "controller/AppMain-dbg.controller.js": 1658133093260,
  "Component-dbg.js": 1657797959569,
  "resources/img/loading.gif": 1657012260660,
  "resources/img/favicon.ico": 1657012260658,
  "view/fragment/Upload.fragment.xml": 1657004019456,
  "view/fragment/Language.fragment.xml": 1658132382428,
  "test/integration/opaTests.qunit.html": 1655884636325,
  "img/flag/us.svg": 1658120453912,
  "img/flag/kr.svg": 1658120428639,
  "img/flag/cn.svg": 1658120476927,
  "view/Result.view.xml": 1658272414275,
  "view/NotFound.view.xml": 1656586881423,
  "view/AppMain.view.xml": 1658133046665,
  "test/testsuite.qunit.html": 1655884636326,
  "test/flpSandbox.html": 1655884636319,
  "img/favicon.ico": 1657012200635,
  "css/style.css": 1658132493820,
  "index.html": 1658118796080
}