{
  "test/flpSandbox.html": 1655884636319,
  "test/integration/arrangements/Startup.js": 1655884636324,
  "sap-ui-cachebuster-info.json": 1657789755480,
  "manifest.json": 1656586916761,
  "env.json": 1657013264153,
  "test/integration/pages/Main.js": 1655884636327,
  "xs-app.json": 1657788476983,
  "test/integration/opaTests.qunit.js": 1655884636325,
  "test/integration/MainJourney.js": 1655884636327,
  "test/integration/AllJourneys.js": 1655884636324,
  "test/testsuite.qunit.js": 1655884658192,
  "model/models.js": 1655884659041,
  "model/formatter.js": 1655884636323,
  "controller/Result.controller.js": 1657758315653,
  "controller/NotFound.controller.js": 1656586843237,
  "controller/BaseController.js": 1657018588502,
  "controller/AppMain.controller.js": 1656586967450,
  "Component.js": 1657786055340,
  "manifest-bundle.zip": 1657789754939,
  "Component-preload.js": 1657789755343,
  "test/integration/MainJourney-dbg.js": 1655884636327,
  "test/integration/arrangements/Startup-dbg.js": 1655884636324,
  "test/integration/opaTests.qunit-dbg.js": 1655884636325,
  "test/integration/pages/Main-dbg.js": 1655884636327,
  "test/integration/AllJourneys-dbg.js": 1655884636324,
  "test/testsuite.qunit-dbg.js": 1655884658192,
  "model/models-dbg.js": 1655884659041,
  "model/formatter-dbg.js": 1655884636323,
  "controller/Result-dbg.controller.js": 1657758315653,
  "controller/NotFound-dbg.controller.js": 1656586843237,
  "controller/BaseController-dbg.js": 1657018588502,
  "controller/AppMain-dbg.controller.js": 1656586967450,
  "Component-dbg.js": 1657786055340,
  "view/fragment/Upload.fragment.xml": 1657004019456,
  "test/integration/opaTests.qunit.html": 1655884636325,
  "resources/img/loading.gif": 1657012260660,
  "resources/img/favicon.ico": 1657012260658,
  "view/Result.view.xml": 1657601871628,
  "view/NotFound.view.xml": 1656586881423,
  "view/AppMain.view.xml": 1656586702138,
  "test/testsuite.qunit.html": 1655884636326,
  "i18n/i18n.properties": 1655884636317,
  "img/favicon.ico": 1657012200635,
  "css/style.css": 1656977201633,
  "index.html": 1657788873261
}