{
  "test/integration/pages/Main-dbg.js": 1655884636000,
  "i18n/i18n_ko.properties": 1664236412697,
  "i18n/i18n_en.properties": 1664236412697,
  "model/formatter.js": 1655884636000,
  "sap-ui-cachebuster-info.json": 1664236453462,
  "manifest.json": 1656586916000,
  "env.json": 1664169512175,
  "test/integration/pages/Main.js": 1655884636000,
  "test/integration/arrangements/Startup.js": 1655884636000,
  "test/integration/opaTests.qunit.js": 1655884636000,
  "test/integration/MainJourney.js": 1655884636000,
  "test/integration/AllJourneys.js": 1655884636000,
  "test/testsuite.qunit.js": 1655884658000,
  "model/models.js": 1655884659000,
  "xs-app.json": 1659599292000,
  "controller/Result.controller.js": 1663229614279,
  "controller/NotFound.controller.js": 1656586843000,
  "controller/BaseController.js": 1663229614279,
  "controller/AppMain.controller.js": 1661221242000,
  "Component.js": 1663229614278,
  "manifest-bundle.zip": 1664236452967,
  "Component-preload.js": 1664236453330,
  "test/integration/MainJourney-dbg.js": 1655884636000,
  "test/integration/arrangements/Startup-dbg.js": 1655884636000,
  "test/integration/opaTests.qunit-dbg.js": 1655884636000,
  "i18n/i18n_zh.properties": 1664236412697,
  "test/integration/AllJourneys-dbg.js": 1655884636000,
  "test/testsuite.qunit-dbg.js": 1655884658000,
  "model/models-dbg.js": 1655884659000,
  "model/formatter-dbg.js": 1655884636000,
  "controller/Result-dbg.controller.js": 1663229614279,
  "controller/NotFound-dbg.controller.js": 1656586843000,
  "controller/BaseController-dbg.js": 1663229614279,
  "controller/AppMain-dbg.controller.js": 1661221242000,
  "Component-dbg.js": 1663229614278,
  "view/fragment/Upload.fragment.xml": 1657004019000,
  "view/fragment/RestrictUser.fragment.xml": 1659916590000,
  "view/fragment/NoLoginInfo.fragment.xml": 1659656645000,
  "view/fragment/Language.fragment.xml": 1658132382000,
  "view/fragment/AuthCheck.fragment.xml": 1659660782000,
  "test/integration/opaTests.qunit.html": 1655884636000,
  "resources/img/loading.gif": 1663229614280,
  "resources/img/favicon.ico": 1657012260000,
  "img/flag/us.svg": 1658120453000,
  "img/flag/kr.svg": 1658120428000,
  "img/flag/cn.svg": 1658120476000,
  "view/Result.view.xml": 1663229614280,
  "view/NotFound.view.xml": 1656586881000,
  "view/AppMain.view.xml": 1661221242000,
  "test/testsuite.qunit.html": 1655884636000,
  "test/flpSandbox.html": 1655884636000,
  "img/favicon.ico": 1663229614279,
  "css/style.css": 1659916590000,
  "index.html": 1659600267000
}